place,밤,새벽,시간미상,아침,오전,오후,저녁
가능,0,0,1,0,0,0,0
가득안고,0,1,0,1,1,0,0
가든호텔,0,0,0,1,0,0,0
가볍게,0,0,1,0,0,0,0
가서,0,0,0,0,0,0,1
가양,0,0,1,0,0,0,0
가양대교,0,0,0,0,3,0,0
가양역에서,0,0,1,0,0,0,0
가을,0,0,0,0,0,0,3
가평,1,1,0,0,1,0,0
각자의,0,0,0,2,2,0,0
간격으로,0,0,0,1,1,0,0
간식은,0,0,0,0,0,0,1
갈매,1,1,0,0,0,0,1
갈아입고,0,0,0,1,1,0,0
강변,0,1,0,0,1,0,1
같은,1,1,0,1,2,0,1
개롱역,0,0,0,0,1,0,0
거기,0,0,0,0,3,0,0
거기부터,0,0,0,0,3,0,0
거기서,0,0,0,0,0,0,2
거북선나루터,0,0,1,0,0,0,0
거여서,0,0,0,0,0,0,1
건너,0,0,0,3,3,0,3
검색해,0,1,0,0,1,0,0
경복궁,0,1,2,0,1,1,1
경복궁역,4,0,0,1,1,1,5
경복궁역에서,0,0,0,0,1,1,1
경복궁점,0,0,1,0,0,0,0
경사도는,0,0,0,0,1,0,0
경정공원에서,0,0,0,2,2,0,0
경주,0,0,0,0,1,0,0
경춘선숲길,2,0,0,2,2,0,2
고려대,0,0,0,2,0,0,0
고속터미널,1,0,0,0,1,0,1
고즈넉함,1,0,0,1,0,0,1
곡나루역에서,0,0,0,3,3,3,3
곳에서,0,0,0,0,1,0,0
곳에서부터,0,0,0,0,1,0,0
곳으로,0,0,0,1,1,0,0
공릉,0,0,0,2,1,0,2
공원에서,2,0,0,2,4,0,4
공원으로,0,0,1,0,0,0,0
공통적으로는,0,0,0,1,1,0,0
관악구,2,0,0,0,0,0,0
관악산,1,0,0,0,0,0,0
광나루,0,0,1,0,0,0,0
광나루역,0,0,1,0,0,0,0
광나루역에서,0,0,1,0,0,0,0
광장,0,0,1,10,12,2,1
광장에서,0,0,0,2,3,0,0
광화문,3,1,1,10,17,1,5
광화문광장,0,2,0,11,20,1,0
광화문에서,0,0,1,3,3,1,1
광화문역으로,0,0,0,1,1,0,0
광화문을,0,0,0,4,7,0,0
광화문이,0,0,0,1,1,1,1
광흥창,0,0,0,0,1,0,0
교통통제,0,0,0,0,3,0,0
구간은,0,0,0,1,1,0,0
구반포,2,0,0,1,1,0,0
구조,1,0,0,1,1,1,1
구파발,3,3,1,0,0,0,0
구파발역,0,0,1,0,0,0,0
구파발역에서,0,0,1,0,0,0,0
구파발역을,0,0,1,0,0,0,0
국내선,0,0,1,0,0,0,0
국립극장,3,0,1,4,3,1,3
국립극장에서,1,0,0,0,0,0,0
국립극장을,1,0,0,0,1,0,0
국역사박물관,0,0,2,0,0,0,0
국회의사당,0,0,0,1,1,0,1
군자교를,0,0,1,0,0,0,0
권역,1,0,0,0,0,0,0
그래도,0,1,0,1,1,0,1
그랜드하야트,0,0,0,0,0,0,1
그럼,0,0,0,1,0,0,0
그렇게,0,0,0,1,1,0,0
그룹,0,0,1,4,5,0,0
그룹별,0,1,1,4,4,0,0
그룹에서,0,0,0,2,4,0,0
그리고,0,1,4,2,2,0,0
그쳤고,0,1,0,1,0,0,0
근데,0,1,0,0,0,0,0
근린공원,2,0,0,0,2,0,0
기록은,0,0,1,1,1,0,0
기분좋게,0,0,1,0,0,0,0
길고,0,0,0,0,0,0,2
길음,0,1,0,1,1,0,1
길음역,0,1,0,1,1,0,1
길음역에서,0,1,0,1,1,0,1
김포,0,0,1,0,0,0,0
김포공항으로,0,0,1,0,0,0,0
깜깜할때,0,1,0,0,0,0,0
끝에서,0,0,0,0,0,1,1
나루한강공원,1,0,0,0,0,0,1
나중에,0,0,0,0,1,0,0
낙성대,1,0,0,0,0,0,0
날씨에,0,0,2,0,0,0,0
남기고,0,0,0,1,1,0,0
남단,0,0,0,1,0,0,1
남단에서,0,0,0,1,0,0,1
남산,1,0,3,1,0,0,1
남산도서관,2,0,0,0,0,0,2
남측,0,0,0,2,2,0,0
남태령을,0,0,1,0,0,0,0
내고,0,0,1,0,0,0,0
너른들판,1,0,0,1,1,0,0
너른들판에서,1,0,0,1,1,0,0
너부대교,0,0,1,0,0,0,0
년도,0,0,1,0,0,0,0
노들,0,0,1,0,0,0,0
노들섬,0,0,1,0,0,0,0
노들역,0,0,1,0,0,0,0
노들역에서,0,0,1,0,0,0,0
노원,0,0,0,1,0,0,1
노원역,0,0,0,1,0,0,1
녹사평,0,0,1,0,0,0,0
높은,1,0,0,0,0,0,1
느끼면서,0,1,0,1,0,0,0
능선까지,2,0,0,0,0,0,2
늦게,2,0,2,2,3,0,2
다가오면,0,1,0,1,1,0,0
다녀오느라,0,0,0,1,0,0,0
다녀온후,0,0,0,0,2,0,0
다르지만,0,0,0,1,1,0,0
다시,6,5,2,14,13,4,4
다시금,1,1,0,1,0,0,0
다양한,2,0,1,0,0,0,2
다음으로,0,0,0,0,1,0,0
다함께,0,0,0,0,1,0,0
단교차로지점,1,0,0,0,0,0,0
달리기와,0,0,1,0,0,0,0
달리려면,0,0,0,0,1,0,0
달빛광장,0,0,0,0,0,0,4
달빛광장에서,0,0,0,0,0,0,4
당산,4,0,6,4,0,0,2
당산역,6,0,5,4,1,0,2
당산역에서,2,0,0,2,0,0,2
당산역을,1,0,0,0,0,0,0
당장,0,0,1,0,0,0,0
대문독립공원,0,0,2,0,0,0,0
대입구역에서,2,0,0,0,0,0,2
대중교통으로,0,1,0,1,1,1,1
대청,0,0,4,0,0,0,0
대충확인하고,0,0,0,1,1,1,0
대표적인,2,0,0,0,0,0,2
대한민국,1,0,0,0,1,1,0
대회,0,1,2,2,4,1,0
더불어,0,0,0,1,1,0,0
덕수궁,0,0,2,1,0,0,0
덕수궁에서,0,0,2,1,0,0,0
도로,0,0,0,1,0,0,0
도심,2,2,0,1,1,0,0
도착해서,0,0,1,0,0,0,0
독립문,3,3,0,0,0,0,0
독립문역,3,3,0,0,0,0,0
돌담길,8,0,0,0,6,0,6
돌아서,0,0,1,0,0,0,0
동국대학교를,0,0,1,0,0,0,0
동그라미는,0,0,0,2,2,0,0
동대,0,0,0,1,1,0,1
동대문,0,2,0,3,0,0,3
동대입구,2,0,0,0,0,0,2
동대입구역,2,0,0,0,0,0,2
동시에,1,0,0,2,3,0,0
동일,0,0,0,0,3,0,0
동일하게,3,0,0,3,3,3,0
동작,4,2,13,9,8,0,14
동작역,5,0,4,3,7,0,9
동작역에서,1,0,2,3,7,0,7
동호,0,0,0,4,4,0,0
동호에서,0,0,0,4,4,0,0
되돌아와,3,0,0,3,3,3,0
뒤에서,0,0,0,0,1,0,0
뒷발,0,0,0,0,0,0,1
드디어,0,1,1,1,0,0,0
드컵경기장역,0,0,0,2,0,0,2
따라,2,0,1,0,0,0,2
딱히,0,0,1,0,0,0,0
때문에,0,1,0,1,1,0,0
뚝섬,3,0,1,3,0,0,3
뚝섬에서,3,0,0,3,0,0,3
뚝섬유원지,2,0,1,0,0,0,2
뚝섬유원지역,0,0,1,0,0,0,0
뚝섬한강공원,2,0,0,1,1,3,2
뛰다보니,0,0,0,0,1,0,0
라매공원에서,0,1,0,1,0,0,0
라인,0,0,2,2,2,1,0
라인에서,0,0,0,0,1,0,0
라인으로,0,0,0,1,1,0,0
러너들의,0,0,0,3,3,0,0
러너들이,0,0,0,1,0,0,0
러너분들의,0,0,0,1,0,0,1
러너스테이션,0,0,2,0,0,0,0
러닝을,5,0,0,0,0,0,5
러닝의,0,0,1,0,0,0,0
러닝코스,0,0,0,2,2,0,0
러닝코스의,2,0,0,0,0,0,0
러닝화,0,0,1,0,0,0,0
럭시워치로는,0,0,0,1,1,0,0
런의,0,0,1,0,0,0,0
럴스위트에서,0,0,0,0,2,0,0
려보기로하고,0,0,0,1,1,0,1
루트,4,0,0,0,4,4,0
림픽공원에서,2,0,0,2,2,0,2
마곡나루,0,0,0,3,3,3,3
마곡나루역,0,0,0,3,3,3,3
마을마당,0,0,0,2,2,0,2
마음으로,1,0,0,0,0,0,1
마천,0,0,0,0,1,0,0
마천역,0,0,0,0,1,0,0
마치고,2,0,0,0,1,1,1
마포구청,0,0,0,1,1,0,1
마포대교,0,0,0,0,0,0,6
마포대교를,1,0,0,0,0,0,0
마포대교에서,0,0,0,0,0,0,6
만남의광장,0,0,0,0,1,0,0
만지다보니,0,1,0,0,0,0,1
망원,1,0,0,0,1,0,0
맞춰진,1,0,0,0,0,0,0
맡기고,0,0,0,2,2,1,1
매봉,1,1,4,1,1,0,1
매봉에서,0,0,4,0,0,0,0
먼저,0,0,0,0,3,0,0
메시지,0,0,0,0,0,0,1
명동,1,0,0,0,0,0,0
명동역,1,0,0,0,0,0,0
명동역에서,1,0,0,0,0,0,0
모두,0,1,0,1,1,0,1
모래사장,3,0,0,3,3,3,0
모여,0,0,0,3,2,0,4
모여서,0,0,0,1,1,0,0
목표로,0,0,0,1,1,0,1
몸풀며,0,0,1,0,0,0,0
문쪽,0,0,1,0,0,0,0
문화,0,0,0,0,0,0,1
문화마당,0,0,1,0,0,0,0
문화마당에서,0,0,1,0,0,0,0
문화비축기지,0,0,3,0,0,0,0
문화의마당,0,1,0,1,1,0,0
물빛광장,0,0,1,1,1,0,0
물빛광장에서,0,0,0,1,1,0,0
물빛무대,0,0,0,2,2,0,0
물왕저수지,0,0,0,1,0,0,0
미사경정공원,0,0,0,2,2,0,0
미술관쯤에서,0,0,1,0,0,0,0
바로,4,0,0,1,1,1,4
박스파크에서,0,1,0,1,1,0,1
반신반의하며,0,0,0,0,0,0,4
반환,0,0,0,2,2,0,0
받고,0,0,0,1,0,0,0
발바닥,4,0,0,0,4,4,0
밤섬런,1,0,0,1,1,0,0
방면으로,0,0,0,0,1,0,0
방문했다가,0,0,1,0,0,0,0
방향으로,0,0,2,4,4,0,0
방화,0,0,1,0,0,0,0
배번호와,0,0,0,0,2,0,0
백범광장,0,0,5,0,0,0,0
백범광장에서,0,0,5,0,0,0,0
버튼을,0,0,0,0,1,0,0
번출구,4,0,2,0,2,0,0
변경된,0,1,0,1,1,0,1
보관하고,2,0,0,2,0,0,2
보기,1,0,0,2,1,0,1
보라매공원,0,1,0,1,1,0,0
보문,1,0,0,0,1,0,0
보문동,1,0,0,0,1,0,0
보문동에서,1,0,0,0,1,0,0
보충하고,0,0,2,0,0,0,0
보통,2,0,0,2,0,0,2
복귀,0,0,0,3,3,0,0
본격적으로,0,0,1,0,0,0,3
부근,0,0,5,0,0,0,0
부근에서,0,0,4,0,0,0,0
부문별,0,0,0,0,1,0,0
부스는,0,0,0,2,2,0,0
부지런히,0,1,0,1,1,0,0
부터,0,0,1,0,0,0,0
북악산,0,0,0,0,0,0,1
북쪽,0,0,1,0,0,0,0
북촌,0,0,0,0,3,3,0
북촌에서,0,0,0,0,3,3,0
분까지,0,0,0,1,0,0,0
분명,1,0,0,0,0,0,0
분석,0,0,0,1,0,0,1
분에,0,2,0,3,3,0,0
분쯤,0,0,1,0,0,0,0
불광동,0,0,1,0,0,0,0
불광천,0,0,0,0,1,0,0
불만은,0,1,0,1,1,0,0
비응항,0,0,0,0,0,1,0
비응항에서,0,0,0,0,0,1,0
비축기지에서,0,0,3,0,0,0,0
빨라진,0,0,0,1,1,0,0
사거리,0,1,0,1,1,0,1
사당,0,0,4,0,0,0,0
사당역,0,0,1,0,0,0,0
사당역부터,0,0,1,0,0,0,0
사박물관에서,0,0,2,0,0,0,0
사실,0,0,0,0,0,0,2
산골한옥마을,1,0,0,1,0,0,1
산도서관에서,2,0,0,0,0,0,2
상계,1,0,0,1,1,1,2
상계역,1,0,0,1,1,1,2
상계역에서,0,0,0,1,0,0,1
상징적인,0,1,0,0,0,0,1
새벽에,0,4,0,4,4,0,0
샛강,2,0,0,0,2,0,0
생각에,0,1,0,0,0,0,1
생각하며,0,0,0,1,1,0,1
생명,0,0,0,1,0,0,0
서대문구청,0,0,0,1,1,0,1
서부,0,1,0,0,0,0,0
서울광장,0,1,0,5,6,1,0
서울광장에서,0,1,0,3,3,1,0
서울광장을,0,0,0,3,3,1,0
서울꿈의숲을,0,0,0,0,1,0,0
서울달리기,0,0,1,0,0,0,0
서울대입구,1,0,1,0,0,0,0
서울런대회,0,0,0,1,1,0,0
서울마라톤,0,0,0,1,1,0,0
서울마라톤의,0,0,0,1,1,0,0
서울미술관쯤,0,0,1,0,0,0,0
서울숲,5,0,1,4,0,0,3
서울숲에서,1,0,1,1,0,0,0
서울숲역,1,0,0,0,0,0,0
서울시청광장,0,0,0,1,1,1,0
서울식물원,0,0,1,0,0,0,0
서울역,0,0,1,3,3,0,0
서울웨이브,0,0,0,0,0,0,1
서울을,1,0,0,0,1,1,1
서있다가,0,1,0,1,1,0,0
석수,0,0,0,0,0,0,1
석수역,0,0,0,0,0,0,1
석수역에서,0,0,0,0,0,0,1
석촌호수,1,0,0,7,6,0,1
선릉,1,0,0,0,1,0,0
선수들이,0,0,0,0,1,0,0
선정릉,1,0,0,0,1,0,0
선착장,1,0,1,0,0,0,1
선착장에서,1,0,0,0,0,0,1
설명,0,0,0,1,0,0,0
섬마라톤대회,2,0,0,0,2,0,0
섬유원지에서,2,0,0,0,0,0,2
섬한강공원을,0,0,1,0,0,0,0
성균관대,0,0,0,1,1,0,1
성동교,0,0,1,0,0,0,0
성북천,7,0,0,1,5,4,1
성북천교,0,0,1,0,0,0,0
성북천교에서,0,0,1,0,0,0,0
성북천에서,1,0,0,0,0,0,1
성수동,0,0,0,2,2,0,2
세빛섬,1,0,0,0,0,0,0
세빛섬에서,1,0,0,0,0,0,0
세종대로,0,0,1,5,5,1,0
세종대로에서,0,0,1,3,2,0,0
센터,0,0,1,0,0,0,0
센터점,0,0,0,0,0,0,4
센트럴스위트,0,0,0,0,2,0,0
소마미술관,0,0,0,4,4,0,0
속버스터미널,1,0,0,0,1,0,1
속초로,0,0,1,0,0,0,0
속터미널에서,1,0,0,0,0,0,1
송정체육공원,2,0,0,0,2,0,2
송파구,2,0,0,0,0,0,0
수변광장,0,0,0,1,1,0,0
수변광장에서,0,0,0,1,1,0,0
수변마당,0,0,1,0,0,0,0
수변무대,0,0,0,2,2,0,0
수변무대에서,0,0,0,2,2,0,0
수서,4,3,0,0,1,1,1
수서역,1,0,0,0,1,1,1
수서역에서,0,0,0,0,1,1,1
숙소,0,1,0,0,0,0,1
숙소에서,0,1,0,0,0,0,1
순서대로,0,0,1,1,1,0,0
순으로,0,1,0,1,3,0,0
순차,2,1,0,6,7,0,0
순차적으로,0,0,0,3,3,0,0
숲에서,0,0,2,0,0,0,0
스케치런,0,1,0,0,1,0,0
스테이션에서,0,0,2,0,0,0,0
슬로우러닝,0,0,0,0,0,0,1
시간에,0,0,0,2,2,0,0
시대,0,0,0,1,1,0,0
시부터,0,0,0,0,1,0,0
시에,1,0,2,11,11,1,2
시작점,0,0,0,0,3,0,0
시작점부터,0,0,0,0,3,0,0
시점,3,0,0,0,0,0,0
시점이다,0,0,1,0,0,0,0
시청,0,0,0,1,2,3,1
시청광장을,0,0,0,1,1,0,0
시청앞,0,0,0,0,1,0,0
시청앞에서,0,0,0,0,1,0,0
식물원으로,0,0,0,0,1,0,1
신논현역을,0,0,1,0,0,0,0
신당역을,0,0,1,0,0,0,0
신대방,0,0,0,0,0,4,7
신도림,0,0,1,0,0,0,3
신도림역,0,0,0,0,0,0,3
신도림역에서,0,0,0,0,0,0,3
신림,0,0,0,0,2,0,2
신목동,0,0,0,0,0,0,1
신설동역을,0,0,2,0,0,0,0
신용산,0,0,1,0,0,0,0
신용산역,0,0,1,0,0,0,0
신촌,1,0,0,1,0,0,0
실제,0,0,0,1,1,0,0
실종합운동장,1,0,0,4,3,0,0
씩씩하게,0,0,1,0,0,0,0
아래,0,0,2,1,2,1,0
아름다움,0,0,1,0,0,0,0
아침,0,0,0,1,0,1,0
아침에,1,0,0,1,1,0,1
안국,0,0,1,0,0,0,0
안국역,0,0,1,0,0,0,0
안국역에서,0,0,1,0,0,0,0
안내,0,1,0,7,7,0,0
안양천,0,0,1,0,0,0,0
안양천에서,0,0,1,0,0,0,0
알았지만,0,0,0,0,1,0,0
알프스산맥,0,0,1,0,0,0,0
압구정역을,0,1,0,1,0,0,0
앞에서,4,0,0,2,1,0,4
앞쪽,0,0,0,0,1,0,0
앞쪽에서,0,0,0,0,1,0,0
약수,0,0,1,0,0,0,0
약수터,1,0,0,0,0,0,1
양역에서부터,0,0,1,0,0,0,0
양원,0,0,1,0,0,0,0
양재,1,0,0,1,0,0,1
양재살롱관,0,0,1,0,0,0,0
양재시민의숲,1,0,0,0,0,0,0
양화대교를,0,1,0,0,0,0,1
어느세,1,1,0,0,0,0,1
어디,1,0,0,0,1,0,1
어디서,0,0,0,0,0,0,1
어디서나,2,0,0,0,0,0,0
어쨋든,0,0,2,0,0,0,0
어차피,0,1,0,1,1,0,0
어패럴,0,0,1,0,0,0,0
언주,1,0,1,0,1,0,0
없으므로,0,0,1,0,0,0,0
에서,4,1,6,13,12,3,7
여기,0,0,0,0,0,1,1
여기서,0,0,2,4,4,0,2
여러분들도,0,0,1,0,0,0,0
여유롭게,0,0,0,1,1,1,0
여의나루,11,1,1,11,9,2,10
여의나루역,7,1,1,5,5,0,7
여의도,1,0,6,0,1,1,1
여의도공원,1,0,2,3,2,0,2
여의도공원을,0,0,1,3,3,0,3
여의도에서,0,0,3,0,0,0,0
역사문화공원,0,0,1,0,0,0,0
역에서,0,1,0,1,1,0,1
역에서부터,0,1,0,1,1,0,1
연결되어,1,0,0,0,1,0,0
염강나들목,1,0,0,0,0,0,0
였던,0,0,1,0,0,0,0
였으나,0,0,1,0,0,0,0
영취사,0,0,2,0,0,0,0
영취사에서,0,0,2,0,0,0,0
예원학교,0,0,1,0,0,0,0
예원학교에서,0,0,1,0,0,0,0
예전,0,0,1,0,0,0,0
오늘의,0,0,1,0,0,0,0
오른편으로,0,0,1,0,0,0,0
오목교,0,0,0,0,0,0,1
오목교역을,0,0,1,0,0,0,0
오이도박물관,0,0,1,0,0,0,0
오후,0,0,0,1,1,0,1
옥수,2,0,1,0,1,0,3
옥수나들목,0,0,0,0,1,0,0
옥수한강공원,0,0,1,0,0,0,0
올림픽공원,2,1,1,3,3,0,2
완주기념배지,0,0,3,0,0,0,0
왼쪽주차장,0,0,0,1,1,0,0
요약,0,0,0,1,1,0,0
용답,1,0,0,0,1,0,0
용두동,0,0,1,0,0,0,0
우르르,0,0,1,0,0,0,0
우리의,0,0,3,0,0,0,0
우이,0,0,0,0,1,0,0
우이역,0,0,0,0,1,0,0
우이역부터,0,0,0,0,1,0,0
우측방향으로,0,0,0,1,1,0,0
운동하고,0,0,1,0,0,0,0
운영,0,0,0,4,4,1,0
움직임의,0,0,0,0,0,0,1
월드컵경기장,0,0,1,3,0,0,2
월드컵공원,0,0,0,0,0,2,0
위해서,0,0,1,0,0,0,0
유럽배낭여행,0,0,1,0,0,0,0
유아차런,0,0,1,0,0,0,0
유아차런에서,0,0,1,0,0,0,0
을지로입구,0,0,0,0,1,0,0
응암,1,1,0,1,1,0,1
의나루역에서,6,1,0,5,5,0,6
의도한강공원,0,0,3,0,0,0,0
이건,0,1,0,1,1,0,0
이곳이,0,1,0,1,1,0,0
이대,0,0,1,0,0,0,0
이동,0,0,0,7,8,0,0
이렇게,0,0,1,0,0,0,0
이마트편의점,0,0,1,0,0,0,0
이벤트광장,0,0,0,2,2,0,0
이벤트라,0,0,0,2,2,0,0
이슈를,0,0,0,0,0,1,1
이야기,0,0,1,0,0,0,0
이어서,0,0,0,0,1,0,0
이전,0,2,0,2,2,0,0
이제,0,0,1,5,2,1,4
이촌,0,0,0,3,3,0,3
이촌주차장,0,0,2,0,0,0,0
이촌한강공원,0,0,0,0,0,0,1
인근,4,0,1,0,4,0,4
인근에서,4,0,0,0,4,0,4
일단,0,0,1,0,0,0,0
일어나,0,1,0,1,1,0,0
일에는,0,0,1,0,0,0,0
일정,0,0,1,0,0,0,0
일제히,0,0,0,0,1,0,0
일쯤,0,0,0,0,2,2,0
입구,5,0,1,2,4,4,0
입니다,1,0,0,0,0,0,1
있다면,0,1,0,1,1,0,0
있어서,0,0,0,4,4,0,4
있으니,0,0,0,2,2,0,0
잉어킹,0,0,0,1,1,0,1
자양,1,0,0,0,1,0,0
작년,0,0,1,0,0,0,0
잠수교,0,0,0,0,0,0,1
잠수교에서,0,0,0,0,0,0,1
잠실,3,3,0,5,4,0,0
잠실새내,0,0,2,0,0,0,0
잠실에서,1,3,0,3,3,0,0
잠실한강공원,3,0,0,0,0,0,3
잠원,2,0,0,0,0,0,2
잠원에서,0,0,1,0,0,0,0
잡고,0,1,0,1,1,0,0
장암,0,0,2,0,0,0,0
장착하고,0,0,0,0,0,0,1
저는,0,0,1,0,0,0,0
저도,0,0,0,1,0,0,0
저의,0,1,0,1,0,0,0
전에,0,1,0,1,1,0,0
전체,0,0,0,2,2,0,0
점과,0,0,1,2,2,0,0
점까지,0,0,0,2,2,0,0
점부터,1,0,0,0,0,0,0
점으로,0,0,1,1,1,0,0
점은,0,0,3,0,0,0,0
점을,0,1,0,1,1,0,0
점이었습니다,0,0,0,1,1,0,1
점인,0,1,0,2,1,0,0
정각에,0,0,0,0,1,0,0
정릉동,0,0,0,0,0,0,1
정릉천,0,0,3,0,0,0,0
정리가,0,0,0,0,0,0,2
정문,9,0,0,0,2,0,2
정신,0,0,0,0,0,0,1
정해진,0,0,1,2,0,0,0
제가,0,1,4,0,0,0,1
제마도,0,0,0,0,1,0,0
종각,1,0,0,0,1,0,0
종각역,1,0,0,0,1,0,0
종각역에서,1,0,0,0,1,0,0
종목별,2,0,0,0,2,0,0
종암박스파크,0,1,0,1,1,0,1
종합운동장,0,0,0,0,0,0,1
좋게,0,0,3,0,0,0,0
좋아서,2,0,0,2,0,0,2
좋은,1,0,0,0,0,0,1
주민센터,2,0,0,0,2,0,0
주차와,0,1,0,1,1,0,1
주차장,0,0,1,1,0,0,0
주차장에서,0,0,1,1,0,0,0
주차장으로,2,0,0,0,0,0,2
중랑천,0,2,0,3,0,0,3
중심,0,1,0,1,1,0,0
중심부,0,0,0,2,2,0,0
중심부에서,0,0,0,2,2,0,0
중요한,0,1,0,1,0,0,1
지금,0,0,1,0,1,0,0
지나,0,0,0,0,0,0,1
지역,0,0,0,1,1,0,0
지점,0,0,0,0,0,0,1
지점까지,0,0,0,1,1,0,0
지점까지가,0,0,0,0,0,0,2
지점에서,0,0,0,0,0,0,1
지점에서는,0,0,0,0,1,0,0
지점이,0,0,0,2,2,0,0
지하철,2,1,6,1,3,0,4
진행되는데,0,0,0,1,1,0,0
집결해,0,0,0,1,1,0,0
집에서,0,0,1,5,3,3,5
집으로,0,0,0,0,1,0,0
쪽에서,3,0,2,3,0,0,3
쪽으로,0,1,0,1,1,0,1
쪽주차장에서,0,0,0,1,1,0,0
찍고,1,0,0,0,2,0,0
찍은,0,1,0,1,1,0,0
차량에,0,0,0,0,1,0,0
차량은,0,0,0,1,0,0,0
차례로,0,1,0,1,1,0,0
차분히,0,0,4,0,0,0,0
찬빛광장을,2,0,0,2,2,0,2
참가자,0,1,0,6,6,0,0
참가자는,0,0,0,1,0,0,0
참고로,0,0,0,0,1,0,0
창의문,3,0,0,3,0,0,3
찾다가,0,0,0,2,2,0,0
챌린지,0,0,0,3,3,0,0
챙기고,0,0,0,2,2,0,0
처음,0,0,0,1,1,0,0
천천히,0,0,0,2,2,0,0
천피크닉정원,0,0,0,2,2,0,2
천합류지에서,0,0,0,0,1,0,0
천호대교,0,0,1,0,0,0,0
철교,0,0,0,1,0,0,0
철산,0,0,0,1,0,0,0
청계광장,2,2,0,9,6,0,2
청계광장에서,1,2,0,3,3,0,0
청계천,1,0,0,0,0,0,1
청담대교,0,0,1,0,0,0,2
청량리,0,0,1,0,0,0,0
체조,0,0,1,0,0,0,0
초보자,4,0,0,1,4,0,4
촌주차장에서,0,0,2,0,0,0,0
총성,0,0,0,1,1,0,0
총성과,0,0,0,1,1,1,0
최초,0,1,0,1,1,0,0
추천하는,2,0,0,0,0,0,2
출구,3,0,2,3,0,1,5
출구에서,1,0,2,1,0,1,1
충무로,1,2,0,1,0,0,2
충무로역,1,1,0,1,0,0,1
충무로역에서,1,1,0,1,0,0,1
측정,0,0,0,1,0,0,1
치어리더,0,1,0,1,1,0,0
친구와는,0,1,0,1,1,0,0
카카오맵,16,2,8,2,2,0,4
카피바라런의,0,0,0,3,3,3,3
커피런의,0,0,1,0,0,0,0
컵경기장에서,0,0,0,2,0,0,2
코스는,0,0,0,3,3,1,1
코스별,4,0,0,0,2,0,2
코스와,0,0,0,1,1,0,1
코스의,0,0,0,1,0,0,0
코스이고,0,1,0,1,1,0,0
크닉정원에서,0,0,0,2,2,0,2
클래스,0,0,1,0,0,0,0
키로,0,0,1,1,1,0,0
킬로,0,0,0,0,1,0,0
타고,0,0,0,1,0,0,0
탄천,3,0,0,0,2,0,2
탄천에서,2,0,0,0,2,0,2
탄천합류지,0,0,0,0,1,0,0
태릉입구,0,0,0,0,2,0,0
통해서,0,0,0,1,1,0,0
트랙,0,0,0,1,1,0,4
특히,0,0,0,1,1,0,0
티셔츠,0,1,0,0,0,0,0
파리,0,0,1,0,0,0,0
팔당,0,0,0,3,2,0,0
팔당역,0,0,0,1,0,0,0
패스,0,0,1,0,0,0,0
퍼먹고,0,0,0,0,0,0,3
펜실베니아,0,0,1,0,0,0,0
평소엔,0,2,0,2,0,0,0
평화광장,0,0,1,1,2,0,3
평화광장을,0,0,1,0,0,0,0
평화의문,0,0,0,0,0,0,1
폐역,1,0,0,0,0,0,0
표지판,0,0,0,0,3,0,0
표지판에서,0,0,0,0,3,0,0
풀고,0,0,4,1,1,0,0
풀어주고,0,0,0,0,2,0,0
풍경,0,0,1,0,0,0,0
하고,3,1,0,2,4,0,1
하늘공원으로,0,0,0,1,0,0,0
하니,0,0,1,0,0,0,0
하려면,0,0,0,1,1,0,0
하며,0,0,0,2,2,0,0
하면서,1,0,0,0,1,0,0
하프,1,0,0,1,3,0,0
하프코스,1,0,0,3,4,0,2
학여울,0,0,0,0,1,0,0
한강,0,0,1,0,0,0,0
한강공원,9,2,0,3,4,0,6
한강공원에서,5,2,4,3,3,3,5
한강공원으로,4,0,0,0,0,0,0
한강달리기,0,0,2,0,0,0,0
한강북쪽,0,0,1,0,0,0,0
한것에,0,0,0,1,1,0,1
한꺼번에,0,0,1,0,0,0,0
한남,3,0,3,0,2,0,0
한남역,1,0,3,0,0,0,0
한남점,0,0,0,2,2,0,0
한양대,1,0,0,1,0,0,0
한옥마을에서,1,0,0,1,0,0,1
한일교,2,0,0,0,2,0,0
합경기장으로,0,0,1,0,0,0,0
합운동장에서,1,0,0,4,3,0,0
합정,1,0,1,0,1,0,0
합정역,1,0,0,0,0,0,0
해서,2,0,0,0,2,0,0
핵심은,0,0,0,1,1,0,0
행사일정,0,0,0,1,1,0,0
행사장,1,0,0,0,1,0,0
행사장에서,1,0,0,0,1,0,0
행사장을,1,0,0,0,1,0,0
화문광장에서,0,1,0,9,18,1,0
화의마당에서,0,1,0,1,1,0,0
확대컷,0,0,1,0,0,0,0
환경,0,0,0,3,3,0,0
환경에서,0,0,0,3,3,0,0
활기찬,2,0,0,0,0,0,2
회현,2,0,0,1,0,0,1
회현역,1,0,0,1,0,0,1
회현역에서,1,0,0,1,0,0,1
횡단은,0,0,0,1,1,0,1
효창공원,0,0,1,0,0,0,0
효창공원앞,0,0,0,1,1,0,1
후문,5,4,0,0,0,0,4
흑석,0,0,1,0,0,0,0
흙길로,1,0,0,0,0,0,1
힐링숲,0,0,1,0,0,0,0
힘차게,0,0,0,3,3,0,0
